IMU_0,IMU_1,IMU_2,IMU_3,IMU_4,IMU_5,IMU_6,IMU_7,IMU_8,IMU_9,IMU_10,IMU_11,Label
65.78239440917969,82.56961059570312,991.2012939453125,16473.625,-2252.25,-17790.5,211.01119995117188,93.73259735107422,975.951171875,14248.5,-343.875,-20441.75,None
238.2172088623047,38.41780090332031,972.3644409179688,10682.0,12231.625,9048.375,379.63958740234375,66.06300354003906,928.3223876953125,10769.5,14105.875,6978.125,None
232.3734130859375,56.47380447387695,981.2459716796875,-6161.75,35272.125,13343.75,373.8689880371094,83.72860717773438,943.3284301757812,-7220.5,33248.25,14671.125,None
164.37059020996094,120.58480072021484,1200.38232421875,29683.5,15546.125,25459.875,339.4649963378906,143.95999145507812,1165.1121826171875,31598.0,18101.125,20343.75,None
127.50221252441406,158.05099487304688,1213.03369140625,58212.0,-24332.0,31699.5,302.6698303222656,177.2781982421875,1181.8629150390625,64631.875,-19022.5,21269.5,None
172.5080108642578,176.3266143798828,1055.5318603515625,51082.5,-15797.25,45257.625,317.260986328125,196.61520385742188,1023.9093627929688,58423.75,-12727.75,36295.0,None
515.5598754882812,129.7347869873047,1070.659912109375,63735.0,-38474.625,-17829.875,661.2643432617188,191.85720825195312,986.5408325195312,64687.0,-36518.125,-32503.625,None
614.9531860351562,62.329803466796875,994.3732299804688,82170.375,5985.0,-139584.375,730.0723266601562,137.23779296875,895.1871948242188,58880.5,12138.0,-152759.25,None
98.14899444580078,140.00721740722656,735.855224609375,60603.375,21752.5,-119314.125,181.6092071533203,151.62159729003906,719.2022705078125,37344.125,32185.125,-125124.125,None
-556.246826171875,372.75885009765625,345.2966003417969,-70561.75,46711.875,53723.25,-530.34619140625,295.0203552246094,453.4496154785156,-66979.5,48471.5,67017.125,None
-344.6255798339844,384.78802490234375,795.0374145507812,-91489.125,102440.625,138213.25,-247.15982055664062,339.2942199707031,862.9425659179688,-78207.5,98385.0,155866.375,None
119.1817855834961,302.14520263671875,1189.072998046875,-17323.25,17222.625,78610.875,286.0046081542969,322.5802001953125,1165.9906005859375,-5350.625,17171.0,79201.5,None
228.0058135986328,237.9731903076172,1093.095703125,20692.0,-20128.5,-4150.125,367.42742919921875,266.2406311035156,1052.542724609375,21791.875,-17973.375,-7944.125,None
91.69519805908203,270.5350036621094,951.1242065429688,364.0,-29583.75,7596.75,210.6330108642578,280.28277587890625,935.9840087890625,4774.0,-30423.75,6444.375,None
176.5095977783203,290.177001953125,1017.45556640625,19904.5,-17836.0,-21422.625,299.4367980957031,311.7953796386719,989.9202880859375,19099.5,-17394.125,-26187.0,None
242.53598022460938,290.2989807128906,1077.052490234375,53196.5,-37129.75,-56943.25,372.7344055175781,321.60418701171875,1035.6336669921875,47938.625,-32466.0,-66772.125,None
191.7840118408203,325.8376159667969,1017.9923706054688,72092.125,-30862.125,-78772.75,306.8421936035156,350.56695556640625,985.8331298828125,61698.0,-21398.125,-90727.0,None
1.5738022327423096,456.231201171875,831.8326416015625,47357.625,-9854.25,-50897.0,75.72540283203125,453.9742126464844,837.6398315429688,38678.5,-3073.0,-56812.0,None
-103.09000396728516,605.3030395507812,750.9465942382812,14704.375,2695.875,9516.5,-56.181007385253906,587.6130981445312,778.164794921875,15356.25,3942.75,8830.5,None
67.783203125,651.3092041015625,782.91064453125,17370.5,-8907.5,8308.125,115.33880615234375,654.6397705078125,780.8488159179688,19184.375,-7129.5,4659.375,None
121.80479431152344,630.8986206054688,731.6095581054688,22651.125,-10512.25,-12465.25,159.52719116210938,641.7322387695312,721.056640625,21178.5,-8504.125,-16852.5,None
142.5570068359375,547.9630126953125,591.907470703125,-12264.0,-3257.625,-13001.625,167.98179626464844,557.47900390625,580.5247802734375,-14140.875,-4693.5,-11556.125,None
146.36341857910156,468.91925048828125,601.0452270507812,-45943.625,-25165.0,-33471.375,179.47418212890625,481.5096130371094,587.7960205078125,-47031.25,-29819.125,-26861.625,None
-166.1761932373047,574.1320190429688,702.5735473632812,-56077.0,-4629.625,16509.5,-129.02719116210938,551.7327880859375,740.6864013671875,-52001.25,-7812.875,26026.0,None
-102.60198974609375,673.4033813476562,965.2762451171875,-22507.625,10339.0,74792.375,-11.821792602539062,660.3494262695312,986.2724609375,-10934.0,6965.0,75468.75,None
238.05859375,641.6346435546875,1047.565185546875,18841.375,-42688.625,18186.875,333.4504089355469,671.1829833984375,1012.0022583007812,26157.25,-38498.25,11543.0,None
-44.517799377441406,560.2728271484375,749.2752685546875,11126.5,19866.0,47103.0,10.126002311706543,549.6709594726562,764.3909912109375,15770.125,17586.625,44595.25,None
61.70759963989258,402.53900146484375,626.6163940429688,-37139.375,31459.75,90989.5,115.0459976196289,403.8688049316406,623.0173950195312,-26568.5,25435.375,97279.0,None
207.6439971923828,298.2046203613281,624.005615234375,-57663.375,8308.125,71171.625,267.19219970703125,318.00518798828125,594.8598022460938,-47166.875,702.625,80333.75,None
304.64617919921875,138.2991943359375,665.534423828125,-96408.375,45730.125,54197.5,381.62823486328125,170.16561889648438,621.1752319335938,-91269.5,32907.875,70453.25,None
378.4683837890625,-10.284600257873535,950.6116943359375,-107227.75,60226.25,34932.625,520.696044921875,35.58740234375,894.5040893554688,-104333.25,46790.625,52099.25,None
364.6092224121094,-65.55059814453125,1336.93701171875,-27384.0,17568.25,-17943.625,577.8773803710938,-12.017001152038574,1263.8712158203125,-30660.875,14217.875,-13896.75,None
213.46337890625,-5.550999641418457,1200.0653076171875,-2392.25,-2660.0,-25719.75,400.7333984375,25.107601165771484,1151.4847412109375,-6276.375,-1134.0,-25563.125,None
56.75440216064453,148.93759155273438,1051.64013671875,-13696.375,10171.875,-6183.625,205.82620239257812,158.80740356445312,1041.1602783203125,-14653.625,9565.5,-3640.875,None
18.95880126953125,298.8756103515625,1148.8861083984375,8943.375,15547.0,20048.0,166.8105926513672,304.0240173339844,1146.568115234375,11314.625,17801.0,18688.25,None
88.535400390625,293.9712219238281,1217.767333984375,34564.25,-5163.375,29960.875,248.1357879638672,303.4994201660156,1199.113525390625,39537.75,-1634.5,23984.625,None
141.60540771484375,179.33999633789062,1167.5765380859375,40369.875,-19474.875,34021.75,303.84100341796875,195.99298095703125,1139.004150390625,47257.875,-15119.125,26735.625,None
199.11618041992188,38.89360046386719,1095.5477294921875,44264.5,-30190.125,21706.125,364.19439697265625,63.5254020690918,1055.8367919921875,50029.0,-25579.75,12996.375,None
239.2786102294922,-22.582199096679688,1044.5274658203125,44149.875,-42368.375,898.625,402.51458740234375,8.62540054321289,998.7652587890625,48054.125,-36620.5,-7746.375,None
260.2503967285156,18.01940155029297,921.3196411132812,35040.25,-46214.0,-18821.25,396.0608215332031,49.946800231933594,874.6180419921875,36526.875,-41260.625,-25704.0,None
273.5118103027344,130.96701049804688,760.82861328125,7224.875,-12247.375,-18638.375,368.22039794921875,161.13760375976562,720.3489990234375,5830.125,-11711.875,-20489.0,None
284.35760498046875,227.92041015625,762.7805786132812,-7710.5,-2667.0,-22321.25,368.84259033203125,259.79901123046875,719.1777954101562,-10376.625,-3787.875,-21311.5,None
262.3609924316406,287.15142822265625,778.933349609375,-18614.75,2053.625,-21239.75,343.588623046875,316.4801940917969,739.0881958007812,-21616.0,296.625,-18119.5,None
232.8736114501953,344.5767822265625,806.3590087890625,-23988.125,23516.5,-16081.625,311.18536376953125,370.98980712890625,773.9192504882812,-28635.25,19268.375,-11213.125,None
207.6806182861328,390.70501708984375,952.8688354492188,-19501.125,14758.625,4945.5,309.672607421875,414.1900329589844,921.4660034179688,-19821.375,12199.25,8329.125,None
239.7666015625,371.40460205078125,1048.07763671875,-3494.75,5852.875,5190.5,358.91180419921875,400.05023193359375,1009.3425903320312,-2984.625,5392.625,5593.0,None
222.393798828125,325.0690002441406,1022.8967895507812,5732.125,581.875,7063.0,341.6000061035156,351.25018310546875,986.7604370117188,6767.25,1198.75,5850.25,None
210.25479125976562,310.6973876953125,992.99462890625,3345.125,-2121.0,11350.5,327.1795959472656,334.8655700683594,959.3470458984375,5455.625,-1858.5,10364.375,None
204.59400939941406,292.1534118652344,971.693359375,1460.375,-767.375,16376.5,320.25,315.67498779296875,939.71728515625,4599.0,-906.5,15550.5,None
234.8011932373047,257.7738037109375,964.2880859375,602.0,-4237.625,16948.75,352.5068054199219,285.1628112792969,926.5167846679688,4180.75,-4562.25,15823.5,None
248.7335968017578,246.74502563476562,972.4132080078125,6132.0,12.25,13673.625,366.98822021484375,276.4397888183594,931.4700317382812,8286.25,746.375,12157.25,None
266.6553955078125,245.0369873046875,961.0549926757812,5532.625,1947.75,14315.0,383.372802734375,276.0616149902344,917.46435546875,7510.125,2681.0,12943.0,None
277.2937927246094,254.18698120117188,951.7708129882812,2884.0,-8098.125,14089.25,391.30279541015625,286.5292053222656,906.4111328125,6187.125,-7939.75,13249.25,None
280.2583923339844,268.25360107421875,925.4187622070312,-4309.375,-7244.125,17903.375,387.3743591308594,300.0467834472656,880.6204223632812,-289.625,-7662.375,18095.875,None
281.8931884765625,263.22723388671875,911.8280029296875,-7303.625,1239.875,19270.125,386.66680908203125,295.239990234375,866.8343505859375,-3991.75,863.625,20087.375,None
281.3320007324219,228.95742797851562,888.5260009765625,-8599.5,9460.5,19225.5,386.26422119140625,261.3362121582031,843.04443359375,-6269.375,8321.25,20447.0,None
272.29180908203125,188.77059936523438,883.62158203125,-15530.375,12546.625,15773.625,382.16497802734375,220.1855926513672,839.60400390625,-13727.0,10325.875,18216.625,None
248.0504150390625,163.04080200195312,934.4591064453125,-20294.75,14169.75,17514.875,370.16021728515625,192.23541259765625,893.2595825195312,-18528.125,11399.5,20650.0,None
242.34078979492188,134.273193359375,975.0606689453125,-17444.0,14741.125,16303.875,374.39361572265625,163.3824005126953,932.3850708007812,-15703.625,12832.75,18996.25,None
227.3714141845703,94.91600036621094,943.8896484375,-21926.625,7164.5,16418.5,360.63201904296875,121.80479431152344,902.7755737304688,-19145.875,4289.25,19698.875,None
218.59957885742188,46.286800384521484,925.8092041015625,-29266.125,5202.75,15503.25,353.7512512207031,72.40699768066406,885.7444458007812,-26812.625,1598.625,19891.375,None
179.86459350585938,-12.626999855041504,934.7030029296875,-30401.875,9579.5,14617.75,322.1287841796875,10.052800178527832,899.8597412109375,-28245.875,5891.375,19489.75,None
163.12619018554688,-90.12139892578125,970.1806640625,-24920.0,25110.75,14855.75,321.59197998046875,-67.80760192871094,936.7769775390625,-24682.875,22723.75,19131.0,None
221.0395965576172,-137.40859985351562,1088.1424560546875,-10685.5,29500.625,338.625,404.08837890625,-106.07899475097656,1043.86865234375,-13071.625,27647.375,2243.5,None
224.37020874023438,-90.8412094116211,1196.52734375,8292.375,17539.375,-10078.25,419.02117919921875,-58.46239471435547,1148.99609375,5152.875,17486.0,-11474.75,None
183.59780883789062,-20.27640151977539,1249.6217041015625,21697.375,2445.625,-2485.875,380.90838623046875,5.184999942779541,1208.556396484375,20868.75,3798.375,-6396.25,None
222.9184112548828,-45.896400451660156,1252.598388671875,45242.75,-24275.125,-12541.375,424.79180908203125,-15.542800903320312,1204.0301513671875,45139.5,-19578.125,-21127.75,None
238.29043579101562,-90.37760162353516,1150.155029296875,58273.25,-34888.0,-28815.5,427.47576904296875,-58.07200241088867,1100.989013671875,56466.375,-28839.125,-39677.75,None
221.73501586914062,-65.36759948730469,1006.8904418945312,49315.0,-42941.5,-42914.375,382.97021484375,-36.575599670410156,962.6165771484375,46137.0,-37562.875,-52125.5,None
170.29978942871094,39.62560272216797,915.5490112304688,25695.25,-38995.25,-36220.625,306.14678955078125,59.365203857421875,884.2682495117188,23767.625,-36368.5,-41156.5,None
189.79539489746094,166.70082092285156,921.5880737304688,23023.0,-33726.0,-33405.75,311.1121826171875,189.31959533691406,889.8436279296875,21395.5,-31731.875,-38372.25,None
192.84539794921875,285.88262939453125,885.7931518554688,21233.625,-33861.625,-27336.75,293.9833984375,307.9889831542969,856.6473388671875,20714.75,-30615.375,-31737.125,None
184.72019958496094,432.3191833496094,809.2869873046875,23181.375,-22780.625,-9030.0,255.5411834716797,453.815673828125,784.61865234375,24276.875,-18535.125,-13275.5,None
178.70559692382812,489.5249938964844,717.9578857421875,26485.375,7354.375,11584.125,227.3592071533203,507.80059814453125,695.985595703125,26761.875,10295.25,7021.875,None
240.85238647460938,457.7439880371094,658.702392578125,4492.25,23487.625,23998.625,283.71099853515625,482.02203369140625,628.3366088867188,5462.625,23678.375,23242.625,None
331.681396484375,354.23919677734375,777.0424194335938,-12551.0,25557.875,22138.375,406.13800048828125,389.5459899902344,730.8776245117188,-11382.875,23696.75,23840.25,None
486.9630432128906,224.05300903320312,993.73876953125,6391.0,-85.75,-14129.5,607.48681640625,283.5279846191406,913.27978515625,4344.375,-363.125,-15807.75,None
539.1301879882812,202.5810089111328,1016.2477416992188,17752.0,-29030.75,-50762.25,665.91259765625,268.0096130371094,926.5534057617188,12814.375,-27034.0,-54932.5,None
316.419189453125,309.2821960449219,830.7955932617188,7204.75,-39112.5,-64212.75,400.6114196777344,344.8451843261719,780.4827880859375,966.875,-37351.125,-65425.5,None
80.4833984375,415.7272033691406,614.0382080078125,-33410.125,2362.5,-31149.125,122.18299865722656,419.92401123046875,609.8170166015625,-37756.25,-878.5,-25015.375,None
-44.35920333862305,541.2774047851562,603.5095825195312,-68341.875,50473.5,12824.0,-16.128400802612305,531.1148071289062,625.7745971679688,-69807.5,42843.5,25461.625,None
-37.649200439453125,597.5804443359375,723.2403564453125,-67898.25,70537.25,33799.5,2.9402012825012207,588.015625,742.9434814453125,-68391.75,62490.75,46472.125,None
84.57039642333984,617.3200073242188,1044.100341796875,-42513.625,59753.75,53732.0,181.8410186767578,623.5176391601562,1043.295166015625,-38254.125,54959.625,60952.5,None
329.54638671875,412.88458251953125,1419.7994384765625,28194.25,-26165.125,31049.375,507.12957763671875,453.25439453125,1363.0816650390625,37061.5,-22780.625,24367.875,None
337.0128173828125,217.47720336914062,1337.92529296875,57898.75,-57584.625,10947.125,519.829833984375,259.0182189941406,1275.571044921875,65601.375,-51204.125,-576.625,None
327.8750305175781,117.8031997680664,1128.4024658203125,56673.75,-62048.875,-5061.875,487.5120544433594,159.72238159179688,1071.1722412109375,61655.125,-56269.5,-16292.5,None
319.7986145019531,87.07139587402344,1011.697265625,49697.375,-64345.75,-12467.875,463.2096252441406,126.8677978515625,956.7606201171875,53932.375,-58814.0,-22540.875,None
315.9678039550781,77.11619567871094,954.90625,45196.375,-63658.0,-15872.5,450.83880615234375,116.03419494628906,900.8968505859375,48845.125,-58673.125,-24979.5,None
279.7460021972656,205.9481964111328,542.4974365234375,-11648.0,-4519.375,-44961.875,327.1307678222656,237.0338134765625,504.97021484375,-18048.625,-6244.875,-43250.375,None
56.24200439453125,683.2731323242188,1004.3283081054688,-17030.125,48989.5,37009.0,133.9925994873047,688.7022705078125,1005.4874267578125,-15343.125,45880.625,41811.875,None
429.23260498046875,502.6399841308594,1310.292236328125,59515.75,10822.875,3327.625,574.6077880859375,555.9417724609375,1238.75146484375,58344.125,13147.75,-8148.875,None
344.49139404296875,371.6973571777344,1073.50244140625,107135.0,-68880.875,-58967.125,467.28436279296875,417.65484619140625,1007.0245971679688,103091.625,-58233.875,-76829.375,None
-146.61959838867188,463.05096435546875,450.8876037597656,21078.75,-34409.375,11352.25,-134.00479125976562,435.21063232421875,476.12939453125,24961.125,-31291.75,9192.75,None
-217.07461547851562,342.16119384765625,397.87860107421875,-125744.5,143199.875,148540.0,-182.14601135253906,297.814208984375,462.7582092285156,-115803.625,127493.625,169387.75,None
549.1220092773438,97.4780044555664,1297.616455078125,-42204.75,58701.125,33306.0,748.3480224609375,168.36001586914062,1213.37548828125,-41713.0,47936.875,38969.0,None
619.8697509765625,129.18580627441406,1545.996337890625,124829.25,-32382.875,-102329.5,832.7354736328125,218.77041625976562,1423.727783203125,108189.375,-17061.625,-120833.125,None
149.05960083007812,326.642822265625,980.5628051757812,101516.625,-32221.875,-72680.125,265.76483154296875,346.43121337890625,952.0758056640625,91415.625,-19549.25,-88683.875,None
-183.79299926757812,560.7852172851562,467.8821716308594,-2790.375,-10821.125,23399.25,-169.0919952392578,529.3945922851562,512.2291870117188,1631.875,-10722.25,23743.125,None
-38.612998962402344,575.3154296875,508.74005126953125,-35430.5,18438.875,43954.75,-23.26540184020996,561.5538330078125,531.9688110351562,-29834.875,14228.375,49676.375,None
220.94198608398438,529.2116088867188,754.1795654296875,-31692.5,10112.375,22246.0,274.63421630859375,551.8548583984375,731.24365234375,-28141.75,6335.875,26352.375,None
319.5790100097656,492.30657958984375,909.6198120117188,-9101.75,-997.5,-8986.25,394.53582763671875,529.3824462890625,863.4306640625,-9926.875,-1225.875,-8494.5,None
252.43020629882812,476.43438720703125,882.4869995117188,-7966.875,-6007.75,-18758.25,329.07061767578125,504.42120361328125,847.1802978515625,-9745.75,-6528.375,-17672.375,None
179.63279724121094,496.2228088378906,832.5645751953125,-16219.0,-4638.375,-15768.375,248.24560546875,515.1327514648438,810.04345703125,-17601.5,-6575.625,-13097.875,None
159.4906005859375,513.8396606445312,826.3914184570312,-20188.0,-4778.375,-12746.125,225.41940307617188,529.943603515625,806.7860107421875,-21035.875,-7044.625,-9551.5,None
125.11100006103516,522.62353515625,793.9882202148438,-30835.875,-6461.0,-4169.375,186.35501098632812,533.6401977539062,782.0078125,-30119.25,-10066.875,741.125,None
122.84181213378906,510.76519775390625,872.0194091796875,-29997.625,893.375,9207.625,198.31100463867188,522.8554077148438,860.0267333984375,-27355.125,-2701.125,13720.0,None
133.67539978027344,474.6653747558594,917.5133056640625,-18439.75,10857.0,14248.5,219.36819458007812,488.56121826171875,901.1529541015625,-16493.75,8113.0,17133.375,None
135.56639099121094,439.68798828125,947.6715698242188,-17808.0,15302.875,25433.625,230.48239135742188,454.03521728515625,929.2374267578125,-14647.5,12040.875,28130.375,None
171.78817749023438,397.4272155761719,1006.2072143554688,-3399.375,2433.375,23664.375,280.99041748046875,417.4230041503906,978.5498046875,235.375,1765.75,23662.625,None
183.25619506835938,344.8695983886719,984.9181518554688,682.5,-915.25,21427.875,294.34942626953125,365.6828308105469,955.9797973632812,4144.875,-953.75,20559.875,None
197.6887969970703,281.4539794921875,952.22216796875,-1823.5,857.5,17693.375,310.4411926269531,303.82879638671875,921.0388793945312,1110.375,463.75,17374.0,None
219.3072052001953,240.3765869140625,937.14306640625,-3021.375,-505.75,9210.25,333.7675476074219,266.0576171875,902.7390747070312,-1100.75,-1347.5,9227.75,None
240.7548065185547,243.1337890625,953.5154418945312,-2017.75,3136.875,-795.375,356.5815734863281,272.0356140136719,916.0858154296875,-1944.25,2681.875,-806.75,None
217.30642700195312,286.5901794433594,961.9089965820312,688.625,1387.75,-5041.75,329.9977722167969,312.0150146484375,927.1878051757812,-86.625,1436.75,-5262.25,None
188.14840698242188,323.72698974609375,952.0148315429688,-504.0,83.125,-1157.625,296.1427917480469,345.29656982421875,922.5518798828125,-385.0,-52.5,-1285.375,None
167.1887969970703,351.7626037597656,952.3685302734375,1664.25,-1582.0,5357.625,273.52398681640625,370.0992126464844,926.9072265625,2894.5,-1258.25,4600.75,None
188.33139038085938,333.27960205078125,982.4782104492188,3988.25,-581.0,10309.25,300.5470275878906,354.6296081542969,953.4910278320312,5811.75,-584.5,9263.625,None
251.8201904296875,283.8940124511719,1018.4681396484375,11870.25,-7532.875,1307.25,374.17401123046875,313.77178955078125,976.5490112304688,12800.375,-6264.125,-1164.625,None
298.33880615234375,234.8988037109375,1022.7381591796875,20070.75,-17528.0,-15327.375,426.8414001464844,270.6325988769531,972.6083984375,19482.75,-15163.75,-19491.5,None
306.0858154296875,241.5233917236328,1012.6975708007812,25246.375,-26745.25,-28720.125,431.8799743652344,278.9530029296875,962.0676879882812,23508.625,-23952.25,-33866.0,None
308.68438720703125,272.08441162109375,987.1385498046875,30882.25,-34408.5,-41164.375,426.64617919921875,309.09918212890625,938.1312255859375,27908.125,-30589.125,-47104.75,None
260.18939208984375,326.70379638671875,859.4656372070312,24685.5,-33356.75,-52370.5,349.7861633300781,355.93499755859375,819.8034057617188,19388.25,-29989.75,-56746.375,None
191.01539611816406,429.5498046875,731.3168334960938,-630.0,-23121.875,-49203.875,249.74618530273438,449.08197021484375,707.9171752929688,-5632.375,-22532.125,-49315.875,None
146.3756103515625,511.9974060058594,711.8089599609375,-8450.75,-8825.25,-43036.875,193.19920349121094,525.771240234375,697.2666015625,-13686.75,-9166.5,-41594.875,None
112.98420715332031,559.7604370117188,736.697021484375,-20529.25,-2679.25,-24592.75,161.91839599609375,568.7883911132812,728.0350341796875,-23294.25,-5700.625,-21182.0,None
146.30239868164062,550.5372314453125,842.3612060546875,-15701.0,-13734.0,-18868.5,211.7919921875,566.04345703125,824.3175048828125,-16496.375,-15785.0,-16667.0,None
136.01779174804688,590.4677734375,870.3602294921875,-9546.25,-3000.375,-10067.75,199.37240600585938,604.3026123046875,856.3424682617188,-10328.5,-3693.375,-8482.25,None
121.1216049194336,621.382568359375,885.8419799804688,-2470.125,3582.25,3504.375,184.41519165039062,632.7042236328125,874.7399291992188,-1789.375,3012.625,3798.375,None
131.22320556640625,592.18798828125,868.6765747070312,2891.0,3964.625,11954.25,195.82220458984375,605.1687622070312,855.64697265625,4702.25,4147.5,11400.375,None
156.46499633789062,537.20263671875,849.5958251953125,2028.25,4711.875,15882.125,224.2482147216797,552.9161987304688,831.8326416015625,4151.0,4984.0,15235.5,None
191.33258056640625,490.6839904785156,858.31884765625,438.375,-161.875,13236.125,264.7522277832031,512.0584106445312,833.4307861328125,2791.25,-557.375,12664.75,None
173.52061462402344,531.3710327148438,852.8898315429688,52.5,-2521.75,16736.125,241.46240234375,550.5859985351562,831.6740112304688,3184.125,-3035.375,16328.375,None
115.59500885009766,593.8106689453125,812.4346313476562,-4022.375,10038.875,30794.75,170.12899780273438,604.2293701171875,803.4675903320312,285.25,8876.0,31178.0,None
76.44520568847656,595.152587890625,786.4852294921875,-302.75,31688.125,50827.0,126.77018737792969,601.216064453125,784.3258056640625,4523.75,31605.875,50975.75,None
89.65780639648438,539.6182250976562,752.4593505859375,-11379.375,27301.75,59596.25,143.67941284179688,546.0963745117188,747.3597412109375,-4911.375,25415.25,61303.375,None
145.41180419921875,367.01263427734375,784.8992919921875,-33425.0,34230.0,62103.125,221.68618774414062,381.15240478515625,765.1961669921875,-26892.25,28566.125,67504.5,None
207.7904052734375,186.23300170898438,865.5534057617188,-40383.0,51571.625,50861.125,316.73638916015625,209.3642120361328,831.4666748046875,-37318.75,45192.875,57601.25,None
245.89102172851562,6.880799770355225,979.1232299804688,-46231.5,39918.375,29996.75,395.78021240234375,37.027000427246094,933.7392578125,-44378.25,33691.875,36961.75,None
275.40277099609375,-135.981201171875,1078.4921875,-39177.25,7338.625,-617.75,457.2925720214844,-99.63740539550781,1023.0675659179688,-38408.125,2053.625,4735.5,None
219.0998077392578,-153.08560180664062,1128.134033203125,-18692.625,15252.125,-33195.75,407.21160888671875,-120.32861328125,1081.9935302734375,-24420.375,13392.75,-30023.0,None
134.5904083251953,-24.058399200439453,1161.891357421875,540.75,6395.375,-51290.75,316.8705749511719,-2.0861990451812744,1130.4031982421875,-7521.5,6813.625,-50658.125,None
56.46160125732422,147.68099975585938,1119.752685546875,1490.125,-9828.875,-54941.25,216.0498046875,156.41619873046875,1104.514892578125,-5521.25,-9769.375,-54453.875,None
-22.16739845275879,315.9311828613281,1052.652587890625,1054.375,-6796.125,-35132.125,108.95820617675781,312.1247863769531,1054.9217529296875,-3172.75,-6839.0,-34719.125,None
-126.78239440917969,431.9043884277344,976.890625,5369.875,-7602.875,13270.25,-18.58060073852539,414.78778076171875,999.8753662109375,8411.375,-7348.25,11958.625,None
-127.38020324707031,407.4922180175781,974.6458740234375,9783.375,3329.375,41328.875,-17.64120101928711,389.39959716796875,998.3626098632812,16002.875,4276.125,39529.0,None
-10.138198852539062,270.4740295410156,1087.9349365234375,27306.125,17674.125,50365.875,133.08981323242188,267.86322021484375,1090.6556396484375,32585.875,21054.25,45802.75,éËÇêUÇÈ
341.14862060546875,10.882402420043945,1385.553955078125,91512.75,16876.125,-5408.375,555.5879516601562,58.79179763793945,1322.968017578125,87914.75,28066.5,-22267.0,éËÇêUÇÈ
514.3641967773438,-252.918212890625,1595.674560546875,216155.625,-69332.375,-131861.625,788.9984130859375,-171.34901428222656,1492.987060546875,203749.875,-45003.875,-169531.25,éËÇêUÇÈ
-126.22119140625,-131.14999389648438,878.9367065429688,210847.0,-116805.5,-151628.75,39.52800750732422,-136.99380493164062,888.2210083007812,196350.0,-94458.875,-182478.625,éËÇêUÇÈ
-946.7322387695312,344.79638671875,15.872204780578613,-2030.875,-38781.75,85206.625,-930.0181884765625,210.8648223876953,195.10238647460938,14804.125,-41918.625,85120.0,éËÇêUÇÈ
-92.74440002441406,397.37841796875,452.010009765625,-71082.375,72903.25,125911.625,-56.24201583862305,373.4298400878906,487.7560119628906,-56337.75,64530.375,135332.75,éËÇêUÇÈ
743.6387939453125,363.2305908203125,1227.6005859375,83073.375,-4543.0,-95249.875,874.1910400390625,462.8314514160156,1107.747802734375,69664.0,-1520.75,-109632.25,éËÇêUÇÈ
248.46517944335938,512.7415771484375,904.83740234375,136514.875,-57636.25,-117631.5,325.3861999511719,546.2306518554688,867.3101806640625,120823.5,-44289.875,-139118.0,éËÇêUÇÈ
-331.62042236328125,749.9705810546875,277.4280090332031,49998.375,-40191.375,-24502.625,-365.8291931152344,701.3901977539062,351.4454040527344,47422.375,-32178.125,-32656.75,éËÇêUÇÈ
-523.4410400390625,842.3367919921875,57.3765983581543,-26092.5,5166.875,58913.75,-599.5567626953125,767.5386352539062,166.5543975830078,-18166.75,1606.5,64500.625,éËÇêUÇÈ
-343.07623291015625,760.8773193359375,173.1302032470703,-70347.375,33523.0,120598.625,-394.401611328125,710.357177734375,251.6494140625,-53680.375,24498.25,132201.125,éËÇêUÇÈ
262.6171875,593.0785522460938,575.693603515625,-67823.875,54255.25,107910.25,284.8456115722656,623.1760864257812,549.1097412109375,-54153.75,46050.375,116124.75,éËÇêUÇÈ
881.5598754882812,469.21197509765625,1062.43701171875,34545.875,-9423.75,-54183.5,984.1251831054688,584.66064453125,925.2967529296875,28589.75,-7212.625,-65081.625,éËÇêUÇÈ
649.9550170898438,486.81658935546875,970.5465698242188,114413.25,-58086.0,-165927.125,722.8865966796875,573.2657470703125,863.9918212890625,91623.875,-43970.5,-184312.625,éËÇêUÇÈ
-178.75439453125,688.6046142578125,376.7725830078125,66546.375,-50288.0,-92975.75,-199.0186004638672,663.0821533203125,417.1424255371094,55475.0,-42387.625,-103501.125,éËÇêUÇÈ
-624.5423583984375,816.6192016601562,-35.69719314575195,-36404.375,4361.0,39622.625,-713.2120361328125,729.4014892578125,90.12139892578125,-31447.5,3080.875,46715.375,éËÇêUÇÈ
-326.2646179199219,754.3382568359375,188.23377990722656,-99452.5,66704.75,121908.5,-370.8800048828125,706.9778442382812,269.5711975097656,-84127.75,52221.75,138282.375,éËÇêUÇÈ
494.01458740234375,660.4226684570312,835.2486572265625,-15036.0,31587.5,3018.75,548.6339721679688,724.6311645507812,772.3453369140625,-16305.625,29351.0,3825.5,éËÇêUÇÈ
447.87420654296875,672.69580078125,865.5411987304688,80762.5,-46711.875,-124596.5,488.47576904296875,731.7071533203125,797.733642578125,64834.0,-38033.625,-136905.125,éËÇêUÇÈ
-139.32400512695312,771.69873046875,413.6531677246094,40870.375,-32966.5,-73619.875,-160.4788055419922,749.8485107421875,452.6321716308594,32107.25,-28979.125,-80551.625,éËÇêUÇÈ
-511.39959716796875,843.4835815429688,146.7050018310547,-34373.5,2379.125,23005.5,-575.0958251953125,771.7476196289062,252.6986083984375,-30406.25,-2745.75,28612.5,éËÇêUÇÈ
-355.94720458984375,818.0953979492188,298.2289733886719,-65434.25,41253.625,88961.25,-383.6534118652344,769.1856079101562,379.7372131347656,-54575.5,33831.875,98343.875,éËÇêUÇÈ
145.48500061035156,768.4293212890625,623.7249755859375,-33016.375,39516.75,32579.75,163.35800170898438,785.9483642578125,619.1866455078125,-31046.75,35863.625,35286.125,éËÇêUÇÈ
358.7776184082031,752.7522583007812,859.2581787109375,50876.875,-33240.375,-88176.375,396.86602783203125,800.234619140625,808.6282348632812,39637.5,-24976.875,-96530.0,éËÇêUÇÈ
40.29660415649414,791.40185546875,680.5526123046875,61749.625,-50728.125,-85410.5,55.119606018066406,796.2695922851562,685.0910034179688,52664.5,-43090.25,-95994.5,éËÇêUÇÈ
-361.0834045410156,859.3070068359375,347.333984375,21802.375,-32249.0,-21819.0,-397.5370178222656,809.97021484375,424.35260009765625,20615.875,-29015.0,-25409.125,éËÇêUÇÈ
-479.3746032714844,865.9560546875,205.59439086914062,-23169.125,5695.375,28693.0,-539.9354248046875,801.003173828125,303.718994140625,-19175.625,3061.625,32823.875,éËÇêUÇÈ
-379.40777587890625,835.8831176757812,275.28082275390625,-53230.625,41166.125,72384.375,-425.767822265625,784.020751953125,359.1924133300781,-45122.875,35676.375,81349.625,éËÇêUÇÈ
167.6402130126953,781.3856201171875,691.2886962890625,-13245.75,35640.5,11772.25,183.1219940185547,802.3330078125,677.6123657226562,-14845.25,35399.0,13512.625,éËÇêUÇÈ
329.07061767578125,746.713134765625,834.7728271484375,44583.0,-29707.125,-79157.75,366.4026184082031,789.4985961914062,787.7784423828125,34139.0,-23254.0,-86899.75,éËÇêUÇÈ
-238.2659912109375,765.7696533203125,461.77001953125,23128.0,-39845.75,-59423.0,-251.31997680664062,733.5128173828125,513.9738159179688,17122.0,-36097.25,-62699.0,éËÇêUÇÈ
-399.76959228515625,849.1444091796875,352.72637939453125,-13855.625,-26124.0,-6403.25,-432.6730041503906,796.1232299804688,437.19921875,-11539.5,-26672.625,-4669.0,éËÇêUÇÈ
-382.04296875,895.1506958007812,407.7118225097656,-10381.875,-18307.625,6787.375,-414.702392578125,846.41162109375,488.41473388671875,-6629.875,-18241.125,7496.125,éËÇêUÇÈ
-243.6706085205078,869.0792846679688,418.7161560058594,-2843.75,16883.125,1971.375,-277.7939758300781,837.8958740234375,477.73980712890625,-4097.625,16261.0,2796.5,éËÇêUÇÈ
-182.95120239257812,863.6990356445312,507.38580322265625,2027.375,-12809.125,-533.75,-198.5550079345703,840.2384643554688,552.7576293945312,3468.5,-12376.875,-1153.25,éËÇêUÇÈ
-273.32879638671875,874.6546630859375,502.1153869628906,4335.625,-29526.0,-222.25,-290.5673828125,840.0554809570312,561.3463745117188,7608.125,-28383.25,-1715.0,éËÇêUÇÈ
-491.68438720703125,910.4494018554688,398.3787841796875,-5364.625,12379.5,34990.375,-526.3079833984375,848.07080078125,496.50335693359375,-996.625,13354.25,35940.625,éËÇêUÇÈ
-445.0682067871094,889.55078125,378.0780029296875,-8714.125,31378.375,50876.875,-481.09478759765625,832.77197265625,468.2237854003906,-3917.375,30803.5,52203.375,éËÇêUÇÈ
-305.6466369628906,851.5478515625,407.37017822265625,-7623.0,35653.625,51580.375,-333.91400146484375,812.5932006835938,475.2509765625,-3195.5,33843.25,53027.625,éËÇêUÇÈ
-26.10800552368164,805.9320068359375,526.576416015625,-6096.125,-4825.625,31288.25,-39.79640197753906,799.380615234375,545.7182006835938,-892.5,-4889.5,32260.375,éËÇêUÇÈ
-46.7869987487793,797.7824096679688,497.9551696777344,-14403.375,-11129.125,41131.125,-63.3546028137207,787.91259765625,520.9400024414062,-6705.125,-10521.875,43190.875,éËÇêUÇÈ
83.30159759521484,746.2618408203125,545.4132080078125,-32020.625,4855.375,49566.125,80.64199829101562,752.9229736328125,550.6226196289062,-23747.5,2307.375,53418.75,éËÇêUÇÈ
423.0350646972656,688.04345703125,769.0880126953125,7960.75,-13475.0,-21112.0,451.961181640625,738.2464599609375,710.6987915039062,6423.375,-13706.875,-23870.0,éËÇêUÇÈ
403.9664001464844,659.0440673828125,723.2159423828125,24269.0,-23812.25,-72824.5,428.9032287597656,706.5142211914062,669.6702270507812,15603.0,-22972.25,-77767.375,éËÇêUÇÈ
195.9807891845703,698.498779296875,628.70263671875,28345.625,-23560.25,-93082.5,198.87220764160156,721.1663818359375,609.1581420898438,15876.0,-20160.875,-96742.625,éËÇêUÇÈ
-291.0066223144531,818.2296142578125,466.69879150390625,20416.375,-19204.5,-48256.25,-308.9772033691406,780.18994140625,527.7110595703125,14644.875,-15495.375,-50918.875,éËÇêUÇÈ
-585.9903564453125,862.4058837890625,304.71942138671875,-20791.75,10854.375,62888.0,-623.0662841796875,784.2526245117188,416.3006286621094,-12644.625,11039.875,67139.625,éËÇêUÇÈ
106.9696044921875,722.0692138671875,618.039794921875,-32395.125,57260.0,66997.875,120.5604019165039,732.7686767578125,619.259765625,-27082.125,53551.75,72275.0,éËÇêUÇÈ
465.3202209472656,679.8937377929688,913.0968017578125,66413.375,-39935.875,-108464.125,524.7708129882812,740.3692626953125,847.216796875,53848.375,-32754.75,-122185.875,éËÇêUÇÈ
-185.098388671875,769.9053955078125,548.0606079101562,61774.125,-53320.75,-68325.25,-185.0373992919922,745.9933471679688,589.5650024414062,55060.25,-47667.375,-77723.625,éËÇêUÇÈ
-603.7413940429688,846.8142700195312,149.95021057128906,-20085.625,-9634.625,41644.75,-663.033447265625,764.1591796875,272.42596435546875,-12080.25,-11641.0,44266.25,éËÇêUÇÈ
-382.20159912109375,802.1378173828125,266.09417724609375,-70588.0,65482.375,105086.625,-433.31964111328125,746.7131958007812,352.90936279296875,-59327.625,56364.875,116261.25,éËÇêUÇÈ
262.0072021484375,740.5643920898438,744.71240234375,-16715.125,31549.875,23125.375,284.62603759765625,773.4434204101562,715.9447631835938,-15010.625,27738.375,24269.0,éËÇêUÇÈ
260.01861572265625,766.69677734375,819.9986572265625,65345.0,-67210.5,-89428.5,295.2278137207031,801.52783203125,786.619384765625,58836.75,-60417.875,-103474.875,éËÇêUÇÈ
-283.55242919921875,838.6158447265625,396.1217956542969,32584.125,-43415.75,-30191.875,-319.6277770996094,799.1854248046875,456.15802001953125,31374.875,-40455.625,-35244.125,éËÇêUÇÈ
-554.7462158203125,845.0452270507812,134.93202209472656,-48450.5,22752.625,72527.0,-619.9552001953125,766.77001953125,252.4058074951172,-38807.125,18021.5,80305.75,éËÇêUÇÈ
-129.35659790039062,749.336181640625,458.14654541015625,-64043.875,77583.625,98270.375,-135.54200744628906,728.0106201171875,503.5061950683594,-54812.625,74362.75,105902.125,éËÇêUÇÈ
481.668212890625,691.1909790039062,892.6373901367188,22602.125,-3300.5,-43176.875,525.0148315429688,753.2279663085938,821.4747924804688,17017.875,1281.875,-48561.625,éËÇêUÇÈ
207.8513946533203,735.4769897460938,770.7227783203125,66437.875,-62019.125,-96025.125,235.7161865234375,761.6582641601562,747.2255249023438,57398.25,-53581.5,-107105.25,éËÇêUÇÈ
-272.1454162597656,810.6290283203125,382.5309753417969,23522.625,-37313.5,-27127.625,-300.376220703125,771.6987915039062,444.06781005859375,21833.875,-32676.875,-30456.125,éËÇêUÇÈ
-413.17742919921875,836.0660400390625,225.5902099609375,-23859.5,5002.375,25508.0,-472.2498474121094,777.8720092773438,312.7958068847656,-20967.625,4256.875,31024.875,éËÇêUÇÈ
-287.07818603515625,821.5602416992188,355.4469909667969,-47551.875,50351.875,69139.0,-315.27239990234375,781.8004150390625,426.09722900390625,-40231.625,44118.375,76488.125,éËÇêUÇÈ
138.6164093017578,797.7213745117188,645.4776611328125,-16183.125,26658.625,28913.5,147.9738006591797,813.7034301757812,641.1832885742188,-13556.375,24927.875,31267.25,éËÇêUÇÈ
233.5446319580078,817.8880004882812,694.4239501953125,22825.25,-25727.625,-42672.875,237.97317504882812,845.4600830078125,668.8894653320312,18409.125,-22813.0,-46020.625,éËÇêUÇÈ
-56.69340133666992,847.22900390625,509.66717529296875,6011.25,-17535.875,-11370.625,-74.82260131835938,836.4320068359375,536.5560302734375,6196.75,-16554.125,-12775.0,éËÇêUÇÈ
-124.09840393066406,848.0341796875,455.04779052734375,-6550.25,-3778.25,6551.125,-150.5968017578125,829.0022583007812,492.7701721191406,-4767.0,-4477.375,7164.5,éËÇêUÇÈ
-141.2882080078125,851.8772583007812,451.14385986328125,-11934.125,-769.125,24020.5,-168.79920959472656,831.7349853515625,490.47662353515625,-7832.125,-1890.0,25938.5,éËÇêUÇÈ
9.491595268249512,838.9573974609375,524.856201171875,-13111.875,19371.625,30843.75,-7.710400581359863,837.15185546875,542.5584106445312,-9817.5,17710.875,32817.75,éËÇêUÇÈ
235.36239624023438,805.6758422851562,655.2132568359375,16131.5,-7937.125,-29123.5,237.9609832763672,833.4308471679688,632.826171875,12436.375,-6240.5,-32447.625,éËÇêUÇÈ
12.065797805786133,828.0505981445312,526.600830078125,9240.0,-22282.75,-22726.375,-5.343602180480957,825.1959228515625,540.0818481445312,7630.875,-19784.625,-24636.5,éËÇêUÇÈ
-121.89019775390625,843.9228515625,448.7770080566406,-12814.375,2477.125,15848.0,-149.73060607910156,824.2808837890625,484.9134216308594,-10748.5,1379.0,18326.875,éËÇêUÇÈ
-29.951000213623047,835.49267578125,514.0103759765625,-13733.125,11783.625,18492.25,-46.04280090332031,828.697265625,536.31201171875,-11732.875,10139.5,20352.5,éËÇêUÇÈ
94.36698913574219,830.9298095703125,595.152587890625,-2830.625,-6833.75,-1218.875,88.19380187988281,840.0310668945312,595.6771850585938,-1860.25,-7744.625,-1252.125,éËÇêUÇÈ
78.9949951171875,827.8431396484375,573.2779541015625,-577.5,-14271.25,-3921.75,68.625,834.1994018554688,576.8038330078125,596.75,-14603.75,-4130.875,éËÇêUÇÈ
46.103797912597656,825.0616455078125,542.692626953125,-6258.0,-6979.875,2401.875,32.134803771972656,827.2088012695312,553.4163818359375,-4402.125,-8420.125,3041.5,éËÇêUÇÈ
44.66420364379883,829.8805541992188,553.9532470703125,-3198.125,-2468.375,1037.75,31.829803466796875,832.6744384765625,564.4329833984375,-2121.875,-3344.25,1101.625,éËÇêUÇÈ
27.925800323486328,833.63818359375,545.7548217773438,-135.625,-1369.375,322.0,13.541999816894531,834.2237548828125,558.4549560546875,343.0,-1427.125,146.125,éËÇêUÇÈ
4.818999767303467,839.55517578125,543.9369506835938,23.625,-1869.0,6543.25,-9.589200019836426,836.9810791015625,560.3460693359375,1557.5,-1880.375,6249.25,éËÇêUÇÈ
-24.534198760986328,837.20068359375,530.4193725585938,-7371.0,392.0,24839.5,-39.97939682006836,830.2100830078125,551.525390625,-3135.125,-1064.0,25945.5,éËÇêUÇÈ
98.62479400634766,782.2396240234375,575.5350341796875,-19882.625,23314.375,40588.625,96.05059051513672,790.194091796875,577.2673950195312,-15226.75,19661.25,43403.5,éËÇêUÇÈ
426.572998046875,702.5735473632812,767.160400390625,26620.125,1110.375,-48246.625,454.2425842285156,755.8021850585938,709.8814086914062,19458.25,1281.0,-53812.5,éËÇêUÇÈ
221.16162109375,722.6669921875,674.843017578125,46428.375,-35364.0,-89775.875,231.33639526367188,750.0194702148438,650.1502075195312,35476.875,-28199.5,-96185.25,éËÇêUÇÈ
-296.67962646484375,843.5079956054688,385.5078125,4291.875,-17619.0,-7732.375,-329.924560546875,801.4058227539062,452.49798583984375,5071.5,-16743.125,-8116.5,éËÇêUÇÈ
-438.48016357421875,854.87841796875,286.1266174316406,-45023.125,36347.5,76839.0,-488.90277099609375,793.4027099609375,377.90716552734375,-36080.625,31042.375,84957.25,éËÇêUÇÈ
-133.58999633789062,733.9398193359375,487.8902893066406,-67810.75,74949.875,115115.0,-136.3105926513672,711.2600708007812,530.053466796875,-55990.375,66159.625,125583.5,éËÇêUÇÈ
418.05743408203125,619.5037841796875,875.7404174804688,-15755.25,33166.875,22054.375,481.36322021484375,672.0125732421875,821.2429809570312,-14224.0,29666.0,22583.75,éËÇêUÇÈ
515.2425537109375,617.5396118164062,986.8092041015625,54988.5,-29547.0,-82516.0,585.3316040039062,684.4200439453125,908.1070556640625,44506.875,-23967.125,-91728.0,éËÇêUÇÈ
158.38040161132812,690.7639770507812,758.0347900390625,61614.0,-63084.0,-87343.375,192.99179077148438,710.1254272460938,740.027587890625,53794.125,-55599.25,-98753.375,éËÇêUÇÈ
-271.572021484375,795.1837158203125,429.7206115722656,17705.625,-49753.375,-17489.5,-294.53240966796875,755.9364013671875,488.451416015625,19115.25,-48013.0,-19844.125,éËÇêUÇÈ
-429.89141845703125,822.9632568359375,265.8380126953125,-38131.625,16126.25,59659.25,-478.0691833496094,760.2918090820312,357.86260986328125,-30283.75,11130.0,66505.25,éËÇêUÇÈ
-80.22721099853516,729.3160400390625,517.7557983398438,-60753.0,75344.5,89530.0,-81.47160339355469,713.760986328125,551.6473999023438,-52864.875,65198.875,99427.125,éËÇêUÇÈ
474.49462890625,658.4462280273438,955.4429931640625,35063.0,-7480.375,-46982.25,534.8846435546875,719.8121948242188,884.65869140625,28366.625,-2704.625,-51903.25,éËÇêUÇÈ
255.56564331054688,689.226806640625,808.3232421875,67923.625,-51676.625,-90499.5,298.4241943359375,720.7272338867188,776.6885986328125,58247.875,-43309.875,-102180.75,éËÇêUÇÈ
-148.73019409179688,778.4454345703125,490.110595703125,35273.875,-46091.5,-43480.5,-161.01559448242188,755.4727783203125,530.4193725585938,32877.25,-41236.125,-48500.375,éËÇêUÇÈ
-301.7792053222656,841.2633056640625,331.4129943847656,-5797.75,906.5,14464.625,-340.85577392578125,797.8555908203125,404.5519714355469,-2622.375,154.875,15912.75,éËÇêUÇÈ
-218.3677978515625,860.83203125,382.0674133300781,-17359.125,18398.625,31696.875,-254.4675750732422,829.3438720703125,439.80999755859375,-13158.25,15620.5,34215.125,éËÇêUÇÈ
-45.38399887084961,861.625,496.3448181152344,-8505.0,5494.125,28252.875,-66.78279876708984,852.9263916015625,520.96435546875,-4229.75,4240.25,29365.875,éËÇêUÇÈ
106.20100402832031,834.1018676757812,545.7425537109375,-2417.625,1005.375,12540.5,91.51219940185547,844.4352416992188,545.3399658203125,-359.625,679.875,12214.125,éËÇêUÇÈ
226.4685821533203,802.6990356445312,588.05224609375,8355.375,-5958.75,-25434.5,220.55160522460938,828.4044189453125,567.4951782226562,5310.375,-7013.125,-28525.0,éËÇêUÇÈ
98.23439025878906,805.2000122070312,532.115234375,20041.0,-12089.875,-53991.0,80.32479858398438,816.1190185546875,531.1514282226562,12772.375,-12586.0,-57778.0,éËÇêUÇÈ
-155.07420349121094,852.3406982421875,422.0956115722656,4277.0,5786.375,-20606.25,-191.14959716796875,829.7708740234375,464.1490173339844,157.5,5496.75,-20275.5,éËÇêUÇÈ
-261.0190124511719,885.8419799804688,382.82379150390625,-23163.0,6543.25,38783.5,-297.1920471191406,848.8028564453125,443.90924072265625,-16968.0,4105.5,42574.875,éËÇêUÇÈ
-197.87179565429688,833.9918823242188,376.52862548828125,-52661.875,33466.125,74844.0,-236.99722290039062,803.2846069335938,426.6949768066406,-43547.0,28203.875,84040.25,éËÇêUÇÈ
154.30560302734375,712.052978515625,680.3817749023438,-43397.375,47340.125,60938.5,179.44981384277344,729.6087646484375,671.0244750976562,-37254.0,40449.5,66511.375,éËÇêUÇÈ
379.4078063964844,688.1165771484375,865.1995849609375,12103.875,-5628.875,-17332.0,426.90240478515625,736.3919677734375,811.8367919921875,10468.5,-5681.375,-20115.375,éËÇêUÇÈ
205.25277709960938,727.87646484375,756.0950317382812,30313.5,-28369.25,-38499.125,235.33798217773438,751.2394409179688,734.7572021484375,27230.875,-25662.0,-43807.75,éËÇêUÇÈ
74.18819427490234,763.6956787109375,625.2744140625,29448.125,-18239.375,-40652.5,78.40939331054688,769.8932495117188,629.0807495117188,24850.0,-15840.125,-45525.375,éËÇêUÇÈ
-54.31440353393555,812.8738403320312,518.6219482421875,16053.625,-15056.125,-20909.875,-69.11299133300781,801.7352294921875,544.9373779296875,14415.625,-13752.375,-22800.75,éËÇêUÇÈ
-134.3708038330078,834.7606201171875,446.7640075683594,-3749.375,-11538.625,4908.75,-160.19821166992188,812.6785888671875,487.255859375,-1507.625,-12220.25,6235.25,éËÇêUÇÈ
-140.5196075439453,780.36083984375,393.547607421875,-27494.25,-1617.875,29063.125,-168.1038055419922,757.6199951171875,433.73443603515625,-22272.25,-4656.75,33694.5,éËÇêUÇÈ
-125.5746078491211,654.3714599609375,335.6585998535156,-63322.0,20699.875,40215.875,-150.24301147460938,630.5814208984375,373.75921630859375,-58332.75,13522.25,51185.75,éËÇêUÇÈ
-58.425804138183594,454.3768005371094,325.25201416015625,-117350.625,43466.5,59312.75,-62.89099884033203,439.66363525390625,353.8609924316406,-109883.375,32407.375,79258.375,éËÇêUÇÈ
62.866600036621094,319.68878173828125,526.3568115234375,-168205.625,106697.5,46741.625,104.39540100097656,320.78680419921875,536.6170654296875,-168327.25,87647.875,75895.75,éËÇêUÇÈ
103.38279724121094,236.0821990966797,862.369140625,-173761.875,37717.75,37678.375,217.1234130859375,249.099609375,853.8780517578125,-167380.5,21681.625,65331.0,éËÇêUÇÈ
59.145606994628906,151.3166046142578,1103.758544921875,-135443.875,40568.5,30275.875,217.51382446289062,163.66299438476562,1099.1468505859375,-130732.875,26800.375,51968.875,éËÇêUÇÈ
-85.31460571289062,56.15659713745117,1223.7088623046875,-87705.625,76756.75,30982.875,99.34459686279297,51.49619674682617,1237.6290283203125,-86842.0,59562.125,47337.5,éËÇêUÇÈ
-270.99859619140625,-30.670801162719727,1335.8267822265625,-4437.125,-93090.375,76489.0,-16.189401626586914,-44.51780319213867,1364.8994140625,24610.25,-106079.75,73873.625,éËÇêUÇÈ
129.2956085205078,-65.50180053710938,1130.9521484375,32198.25,-244896.75,59219.125,326.8013916015625,-38.73500061035156,1113.8721923828125,69112.75,-240862.125,46232.375,éËÇêUÇÈ
460.03759765625,-73.43180847167969,929.1763916015625,2639.0,-172093.25,39825.625,606.2911987304688,-15.920999526977539,860.8929443359375,30983.75,-169115.625,34142.5,None
703.14697265625,-125.52579498291016,749.1287841796875,-2765.875,-79884.875,-13531.0,813.5447998046875,-35.98999786376953,642.26904296875,7822.5,-87472.0,-17890.25,None
801.6131591796875,-74.127197265625,663.31396484375,5388.25,-38425.625,-52983.0,890.294921875,25.94940185546875,540.6673583984375,3976.875,-74561.375,-51335.375,None
843.5324096679688,-33.22060012817383,576.6329956054688,-23254.875,20228.25,-20024.375,907.36279296875,68.03939819335938,445.7635803222656,-26116.125,3499.125,-17957.625,None
838.71337890625,2.220400094985962,585.5877685546875,-13152.125,28122.5,-14510.125,902.1046142578125,105.05421447753906,453.0470275878906,-17948.875,32943.75,-11391.625,None
797.2577514648438,35.06279754638672,619.4183349609375,-3975.125,7693.875,-4875.5,868.32275390625,133.52899169921875,493.099609375,-4830.0,7109.375,-3487.75,None
792.621826171875,36.917198181152344,622.346435546875,1159.375,-30903.25,3407.25,866.2122192382812,134.65139770507812,495.3565979003906,5087.25,-29988.0,2366.875,None
831.0396728515625,17.506999969482422,594.701171875,760.375,4872.0,-343.875,896.5657958984375,119.01100158691406,462.135986328125,305.375,5955.25,-726.25,None
824.4515380859375,10.345601081848145,596.5921630859375,1272.25,1176.0,-231.875,893.3572387695312,111.88619232177734,464.39300537109375,1336.125,1040.375,-658.0,None
828.2702026367188,7.661600589752197,594.335205078125,322.0,-5235.125,-151.375,897.6150512695312,109.70240783691406,461.4772033691406,974.75,-5529.125,-294.875,None
835.9074096679688,6.478200435638428,587.8692016601562,168.875,4064.375,-810.25,903.0439453125,109.0924072265625,455.01116943359375,-305.375,3759.875,-663.25,None
824.5491943359375,5.026400089263916,595.3477783203125,-625.625,-3283.875,-181.125,894.8089599609375,106.2986068725586,463.002197265625,157.5,-2000.25,-644.0,None
827.5748291015625,8.796199798583984,589.9066162109375,-334.25,-2979.375,6.125,895.6873168945312,110.37339782714844,456.91436767578125,536.375,-2767.625,-324.625,None
829.7097778320312,8.649800300598145,589.4674072265625,-220.5,-2424.625,72.625,897.5050659179688,110.4100112915039,456.157958984375,447.125,-1936.375,-380.625,None
830.5637817382812,6.185400009155273,588.1741943359375,13.125,-604.625,-137.375,897.8345947265625,107.8114013671875,455.1087951660156,363.125,-1118.25,-328.125,None
828.501953125,6.197600364685059,589.186767578125,23.625,-4535.125,274.75,897.0782470703125,107.70159912109375,456.35321044921875,847.875,-4735.5,-79.625,None
834.8704223632812,7.747000217437744,584.58740234375,-129.5,-1713.25,-95.375,901.6775512695312,109.9585952758789,451.05841064453125,278.25,-1371.125,-413.875,None
835.2608642578125,6.1610002517700195,583.8797607421875,-88.375,-950.25,-176.75,902.18994140625,108.53120422363281,450.1067810058594,244.125,-791.875,-446.25,None
832.1741943359375,6.0512003898620605,585.2584228515625,-100.625,-1570.625,-75.25,899.9451904296875,108.14080810546875,451.912353515625,325.5,-1588.125,-387.625,None
836.2978515625,5.9536004066467285,581.3787841796875,-87.5,-1957.375,-57.75,903.5808715820312,108.6166000366211,447.42279052734375,388.5,-1909.25,-413.0,None
838.2131958007812,5.246000289916992,580.28076171875,-67.375,1821.75,-416.5,904.849609375,108.2384033203125,445.9588317871094,-100.625,1871.625,-678.125,None
833.5528564453125,5.477800369262695,582.9403686523438,-12.25,-4321.625,242.375,901.2018432617188,107.7870101928711,448.9112243652344,752.5,-4328.625,-157.5,None
838.0302734375,5.855999946594238,577.865234375,2.625,-4566.625,287.0,904.3494262695312,108.50679779052734,443.50665283203125,863.625,-4919.25,-119.0,None
843.1541748046875,4.843400001525879,572.80224609375,16.625,-1575.875,-105.0,907.9484252929688,108.1773910522461,437.8458557128906,433.125,-1900.5,-374.5,None
842.5441284179688,4.31879997253418,571.5089721679688,-34.125,-2382.625,5.25,907.8873901367188,107.68940734863281,436.6136169433594,464.625,-2358.125,-304.5,None
846.5823974609375,4.550599575042725,567.3976440429688,-89.25,-426.125,-156.625,910.6446533203125,108.25059509277344,431.9044494628906,173.25,-420.875,-451.5,None
844.7645263671875,4.4285993576049805,568.4834594726562,-92.75,-816.375,-128.625,909.3391723632812,107.7748031616211,433.29522705078125,267.75,-1036.875,-430.5,None
846.423828125,4.0503997802734375,566.9095458984375,-58.625,-1213.625,-37.625,910.6201171875,107.66500091552734,431.3553771972656,359.625,-1335.25,-344.75,None
846.0089721679688,4.331000328063965,567.239013671875,-51.625,-273.0,-166.25,910.2907104492188,107.87239837646484,431.5384216308594,233.625,-336.0,-453.25,None
845.7406005859375,3.8186001777648926,567.3244018554688,-6.125,-1528.625,-49.0,910.3638916015625,107.4087905883789,431.5140075683594,426.125,-1560.125,-368.375,None
847.7413940429688,4.257800102233887,564.7135620117188,40.25,-504.875,-143.5,911.8157958984375,108.09200286865234,428.78118896484375,287.875,-488.25,-449.75,None
846.7654418945312,4.501800060272217,565.4456176757812,-42.0,-176.75,-179.375,910.9251708984375,108.34820556640625,429.63519287109375,182.0,-119.0,-434.875,None
846.7532348632812,4.330999851226807,565.3724365234375,-56.0,-927.5,-119.0,910.9375,108.21400451660156,429.5498046875,289.625,-837.375,-418.25,None
847.8268432617188,4.172399997711182,564.5062255859375,-89.25,58.625,-186.375,911.69384765625,108.12860107421875,428.59820556640625,140.875,-10.5,-463.75,None
846.8507690429688,3.9772000312805176,565.457763671875,-61.25,-654.5,-139.125,911.0838623046875,107.76261138916016,429.7206115722656,260.75,-881.125,-413.875,None
847.4486083984375,4.123600482940674,564.762451171875,-41.125,-900.375,-112.0,911.4742431640625,107.90899658203125,429.06182861328125,321.125,-1111.25,-427.875,None
848.1806640625,4.135799884796143,564.2378540039062,-47.25,-33.25,-204.75,911.9378662109375,107.9699935913086,428.37860107421875,189.0,-105.875,-507.5,None
847.32666015625,3.8795998096466064,564.8355712890625,-43.75,-324.625,-177.625,911.4132690429688,107.61619567871094,428.85443115234375,219.625,-364.0,-442.75,None
847.8390502929688,3.9772002696990967,564.3232421875,-37.625,-347.375,-164.5,911.7548828125,107.8236083984375,428.268798828125,222.25,-401.625,-444.5,None
847.9122314453125,4.148000240325928,564.0181884765625,-50.75,-413.875,-170.625,911.9012451171875,107.94559478759766,428.0857849121094,219.625,-453.25,-446.25,None
847.5584106445312,3.9528000354766846,564.5184326171875,-51.625,-343.0,-163.625,911.7669677734375,107.92120361328125,428.4761657714844,212.625,-406.875,-454.125,None
847.7780151367188,4.0015997886657715,564.4940185546875,-33.25,-337.75,-139.125,911.73046875,108.2384033203125,428.20782470703125,211.75,-399.875,-414.75,None
847.9244384765625,3.7209999561309814,564.2256469726562,-26.25,-293.125,-161.875,911.7791748046875,107.98219299316406,428.0003967285156,235.375,-322.0,-418.25,None
847.5828247070312,3.8186001777648926,564.4329833984375,-15.75,-427.0,-194.25,911.5108642578125,108.0431900024414,428.37860107421875,222.25,-447.125,-453.25,None
847.6926879882812,4.026000022888184,564.103515625,-21.875,-374.5,-180.25,911.8280029296875,108.07979583740234,428.15899658203125,248.5,-389.375,-446.25,None
847.6804809570312,4.099200248718262,564.1280517578125,-25.375,-293.125,-166.25,911.8402099609375,108.1895980834961,428.13458251953125,254.625,-345.625,-434.0,None
847.6926879882812,4.001599311828613,564.1646118164062,-72.625,-304.5,-171.5,911.7913818359375,108.07978820800781,428.35418701171875,219.625,-339.5,-436.625,None
847.6316528320312,4.026000022888184,564.3720092773438,-82.25,-260.75,-185.5,911.7425537109375,108.00660705566406,428.41522216796875,189.0,-301.875,-435.75,None
847.3875732421875,4.648200035095215,563.9694213867188,-12.25,-490.0,-243.25,911.5352783203125,108.3969955444336,428.0248107910156,222.25,-511.0,-544.25,None
847.0826416015625,3.7942001819610596,564.7379760742188,10.5,-363.125,-182.0,911.4864501953125,107.61619567871094,428.78118896484375,251.125,-360.5,-462.875,None
847.4485473632812,4.099200248718262,564.5184326171875,-34.125,-292.25,-128.625,911.59619140625,108.04319763183594,428.4761657714844,215.25,-263.375,-392.875,None
848.05859375,4.282199859619141,564.0548095703125,-28.875,-191.625,-159.25,911.9744262695312,108.2384033203125,428.0735778808594,225.75,-187.25,-433.125,None
847.4486083984375,4.123600482940674,564.5062255859375,-40.25,-285.25,-175.0,911.3887939453125,108.00660705566406,428.75677490234375,232.75,-360.5,-440.125,None
847.5584106445312,3.8673999309539795,564.5062255859375,-13.125,-372.75,-170.625,911.59619140625,107.6406021118164,428.63482666015625,252.0,-436.625,-461.125,None
847.9000244140625,4.148000240325928,564.3720092773438,-46.375,-380.625,-191.625,912.0353393554688,108.12858581542969,428.366455078125,238.0,-472.5,-505.75,None
848.0098876953125,3.7942001819610596,564.3720703125,-54.25,-275.625,-161.875,912.2550048828125,107.94559478759766,428.23223876953125,244.125,-390.25,-445.375,None
847.9366455078125,3.9161999225616455,564.8477783203125,-19.25,-308.875,-155.75,912.0597534179688,107.994384765625,428.68365478515625,241.5,-405.125,-434.0,None
848.07080078125,3.7698001861572266,563.9328002929688,-10.5,-406.0,-187.25,912.0720825195312,107.7748031616211,427.90277099609375,252.875,-427.875,-448.875,None
847.5339965820312,4.050400257110596,564.8355712890625,-33.25,-427.875,-181.125,911.69384765625,107.82359313964844,429.02520751953125,230.125,-466.375,-461.125,None
847.8511962890625,3.9650001525878906,564.26220703125,-12.25,-336.0,-148.75,911.8889770507812,107.67720794677734,428.305419921875,235.375,-371.875,-429.625,None
847.5095825195312,4.17240047454834,564.5306396484375,-63.875,-302.75,-159.25,911.57177734375,107.87239837646484,428.5127868652344,195.125,-377.125,-434.0,None
847.5462036132812,3.7576000690460205,564.4086303710938,-61.25,-199.5,-155.75,911.73046875,107.51860046386719,428.57379150390625,190.75,-269.5,-470.75,None
847.7047729492188,3.7209999561309814,563.8595581054688,-15.75,-355.25,-169.75,911.9011840820312,107.68939208984375,427.841796875,244.125,-371.875,-486.5,None
847.5949096679688,3.7088000774383545,564.3841552734375,-41.125,-422.625,-203.0,911.8035888671875,107.88460540771484,428.24444580078125,252.875,-430.5,-462.0,None
847.4607543945312,3.6965999603271484,564.8477783203125,-74.375,-488.25,-182.0,911.583984375,107.8602066040039,428.8910217285156,226.625,-517.125,-449.75,None
847.7658081054688,3.8917999267578125,564.201171875,-26.25,-447.125,-174.125,911.7547607421875,107.9822006225586,428.305419921875,229.25,-491.75,-457.625,None
847.7902221679688,3.8796000480651855,564.0670166015625,-43.75,-408.625,-189.875,911.9255981445312,107.79920959472656,428.232177734375,219.625,-462.0,-501.375,None
847.8023681640625,3.6234002113342285,563.8717651367188,1.75,-259.0,-128.625,911.9866333007812,107.48200988769531,428.1224060058594,231.0,-344.75,-448.0,None
847.7536010742188,4.111400127410889,563.9205932617188,-20.125,-291.375,-152.25,911.8523559570312,107.92120361328125,428.22003173828125,194.25,-361.375,-459.375,None
847.7413940429688,3.9040000438690186,564.2255859375,-36.75,-344.75,-183.75,911.62060546875,107.70161437988281,428.4762268066406,219.625,-339.5,-461.125,None
847.7413940429688,3.8308002948760986,564.1524047851562,-57.75,-393.75,-163.625,911.4986572265625,107.59181213378906,428.26885986328125,232.75,-394.625,-427.875,None
848.2171630859375,4.1479997634887695,563.7376098632812,-58.625,-334.25,-144.375,911.8280029296875,108.07979583740234,427.7564392089844,202.125,-415.625,-440.125,None
847.5095825195312,3.7820000648498535,564.6038818359375,-64.75,-372.75,-143.5,911.4742431640625,107.60400390625,429.03741455078125,199.5,-437.5,-421.75,None
847.8878173828125,3.7209999561309814,564.0426025390625,-62.125,-509.25,-134.75,911.9012451171875,107.4332046508789,428.42742919921875,201.25,-525.0,-422.625,None
848.2171630859375,3.9284000396728516,563.8473510742188,-70.875,-269.5,-118.125,912.0110473632812,107.60400390625,427.91497802734375,232.75,-349.125,-426.125,None
847.5950317382812,4.1967997550964355,564.7745361328125,-72.625,-401.625,-156.625,911.62060546875,107.8602066040039,428.84222412109375,199.5,-379.75,-458.5,None
847.7291870117188,3.6112003326416016,563.822998046875,-31.5,-346.5,-161.0,911.9743041992188,107.3843994140625,428.0003967285156,208.25,-335.125,-462.0,None
847.9122924804688,3.9406001567840576,563.6277465820312,-22.75,-357.0,-165.375,912.1085815429688,107.60401916503906,427.91497802734375,263.375,-385.0,-465.5,None
847.5218505859375,3.6844000816345215,563.8108520507812,-32.375,-349.125,-145.25,911.681640625,107.44539642333984,428.35418701171875,259.875,-382.375,-451.5,None
847.2169189453125,3.4769997596740723,564.6404418945312,-43.75,-413.0,-161.0,911.486328125,107.51860046386719,429.098388671875,236.25,-450.625,-469.875,None
848.205078125,3.6112003326416016,563.6888427734375,-33.25,-407.75,-192.5,912.1817626953125,107.8114013671875,427.890625,201.25,-444.5,-482.125,None
847.9488525390625,3.7942001819610596,564.298828125,-44.625,-404.25,-192.5,911.8889770507812,107.82359313964844,428.5249938964844,195.125,-444.5,-513.625,None
847.8024291992188,3.3428001403808594,564.2134399414062,-29.75,-371.875,-171.5,911.8646240234375,107.27459716796875,428.53717041015625,244.125,-399.875,-475.125,None
848.15625,3.8429999351501465,563.5180053710938,-55.125,-398.125,-170.625,912.0842895507812,107.61619567871094,427.93939208984375,231.0,-412.125,-466.375,None
848.3758544921875,3.9161999225616455,563.39599609375,-56.0,-380.625,-169.75,912.0964965820312,107.60400390625,427.6100158691406,213.5,-402.5,-458.5,None
848.05859375,3.8186001777648926,563.7986450195312,-13.125,-335.125,-165.375,911.8035888671875,107.87239837646484,427.85406494140625,218.75,-394.625,-437.5,None
848.0830078125,3.8307998180389404,563.4813232421875,-35.0,-384.125,-214.375,912.0354614257812,108.04319763183594,427.76861572265625,220.5,-421.75,-476.875,None
848.14404296875,3.7697997093200684,563.2862548828125,-40.25,-312.375,-145.25,912.0963745117188,108.006591796875,427.76861572265625,214.375,-372.75,-434.875,None
848.3635864257812,3.7209999561309814,563.2374267578125,-31.5,-244.125,-105.875,912.1940307617188,107.87239837646484,427.439208984375,231.0,-259.0,-427.0,None
847.9976806640625,3.6721999645233154,563.6643676757812,-8.75,-354.375,-120.75,911.9987182617188,107.60400390625,427.6831970214844,251.125,-348.25,-427.875,None
847.4730224609375,4.07480001449585,564.4818115234375,-68.25,-286.125,-168.0,911.64501953125,107.90901184082031,428.64697265625,126.875,-367.5,-455.875,None
848.2171630859375,3.4282002449035645,563.5424194335938,-48.125,-398.125,-168.875,912.0476684570312,107.56739807128906,427.6465759277344,200.375,-425.25,-469.875,None
848.3148193359375,3.3916001319885254,563.5180053710938,20.125,-368.375,-131.25,912.1452026367188,107.54300689697266,427.58563232421875,282.625,-369.25,-431.375,None
847.6682739257812,4.013800621032715,564.2134399414062,-40.25,-361.375,-181.125,911.6572265625,108.00660705566406,428.4762268066406,178.5,-259.0,-379.75,None
847.6559448242188,3.7576003074645996,563.9938354492188,-70.0,-455.0,-215.25,911.7913818359375,107.70161437988281,428.32977294921875,182.0,-337.75,-438.375,None
848.2659912109375,3.4769997596740723,563.2008666992188,13.125,-338.625,-153.125,912.3161010742188,107.45759582519531,427.36602783203125,265.125,-382.375,-460.25,None
848.1683349609375,3.9040000438690186,563.6278686523438,18.375,-283.5,-153.125,912.2672119140625,107.70159912109375,427.78082275390625,259.875,-370.125,-468.125,None
847.8390502929688,3.9405999183654785,564.0792236328125,-48.125,-322.875,-201.25,912.1329956054688,107.61619567871094,428.256591796875,224.875,-400.75,-490.0,None
848.19287109375,3.8429999351501465,563.835205078125,-55.125,-316.75,-187.25,912.3160400390625,107.65279388427734,427.87835693359375,209.125,-373.625,-469.0,None
848.2537841796875,3.8186004161834717,563.5789794921875,-56.875,-275.625,-135.625,912.1940307617188,107.82359313964844,427.54901123046875,198.625,-325.5,-400.75,None
848.0343017578125,3.7698001861572266,563.3228149414062,-47.25,-294.875,-112.875,912.2550048828125,107.67720031738281,427.451416015625,247.625,-329.0,-396.375,None
847.9488525390625,3.8186001777648926,564.0060424804688,15.75,-417.375,-220.5,912.0110473632812,107.71380615234375,427.98822021484375,273.0,-449.75,-481.25,None
847.99755859375,3.8917999267578125,563.8352661132812,-24.5,-349.125,-194.25,912.0597534179688,107.92120361328125,427.90283203125,225.75,-399.875,-450.625,None
848.2293701171875,3.7088000774383545,563.359375,-32.375,-428.75,-215.25,912.1939697265625,107.92120361328125,427.56121826171875,245.875,-491.75,-510.125,None
848.1683349609375,3.8429996967315674,563.5179443359375,-64.75,-371.0,-129.5,912.0475463867188,107.90899658203125,427.79302978515625,182.875,-420.875,-414.75,None
848.02197265625,3.7942001819610596,563.2496337890625,-34.125,-444.5,-117.25,911.8280029296875,107.87239837646484,427.414794921875,203.875,-477.75,-409.5,None
848.0709228515625,3.9284000396728516,563.32275390625,6.125,-459.375,-159.25,911.9378662109375,108.00660705566406,427.488037109375,238.0,-470.75,-455.875,None
848.15625,3.9405999183654785,563.2740478515625,-33.25,-487.375,-145.25,912.0354614257812,107.9822006225586,427.56121826171875,227.5,-476.0,-437.5,None
847.9610595703125,3.5380001068115234,563.5545654296875,-46.375,-352.625,-151.375,912.0110473632812,107.5551986694336,427.81744384765625,179.375,-379.75,-405.125,None
847.9609375,3.5136001110076904,563.7986450195312,-41.125,-320.25,-155.75,912.0232543945312,107.72599792480469,428.0858459472656,213.5,-329.0,-446.25,None
848.1683349609375,3.4648003578186035,563.5911865234375,-28.875,-310.625,-154.875,912.0476684570312,107.71380615234375,427.6709899902344,252.0,-329.875,-429.625,None
848.05859375,3.9161994457244873,563.8961791992188,-69.125,-364.0,-155.75,911.8035888671875,108.1651840209961,427.91497802734375,182.875,-364.0,-435.75,None
848.1441650390625,3.4891998767852783,563.8352661132812,-69.125,-367.5,-129.5,911.8524169921875,107.5674057006836,428.20782470703125,149.625,-203.0,-459.375,None
